"","Total Cmpd","Hits","Raw p","-log10(p)","Holm adjust","FDR","Impact"
"One carbon pool by folate",26,4,5.9468e-07,6.2257,3.0329e-05,1.7411e-05,0.05637
"Purine metabolism",71,7,6.8278e-07,6.1657,3.4139e-05,1.7411e-05,0.07155
"D-Amino acid metabolism",15,1,1.4948e-06,5.8254,7.3246e-05,2.5412e-05,0
"Alanine, aspartate and glutamate metabolism",28,6,3.3978e-06,5.4688,0.0001631,3.1044e-05,0.35818
"Arginine biosynthesis",14,4,4.3224e-06,5.3643,0.00020315,3.1044e-05,0.23936
"Nicotinate and nicotinamide metabolism",15,1,4.3947e-06,5.3571,0.00020315,3.1044e-05,0
"Histidine metabolism",16,3,5.2119e-06,5.283,0.00023454,3.1044e-05,0.27049
"Ubiquinone and other terpenoid-quinone biosynthesis",19,1,5.247e-06,5.2801,0.00023454,3.1044e-05,0
"Glycine, serine and threonine metabolism",34,8,5.4783e-06,5.2614,0.00023557,3.1044e-05,0.53603
"Lipoic acid metabolism",28,4,6.8448e-06,5.1646,0.00028748,3.4909e-05,0.0017
"Porphyrin metabolism",31,3,8.4665e-06,5.0723,0.00034713,3.9254e-05,0.14286
"Butanoate metabolism",15,2,1.0312e-05,4.9867,0.00041249,4.3827e-05,0
"Cysteine and methionine metabolism",33,3,1.2354e-05,4.9082,0.00048179,4.6963e-05,0.08167
"Tyrosine metabolism",42,6,1.2892e-05,4.8897,0.00048989,4.6963e-05,0.3468
"Primary bile acid biosynthesis",46,8,1.4014e-05,4.8534,0.00051852,4.7648e-05,0.13804
"Glutathione metabolism",28,1,1.5449e-05,4.8111,0.00055615,4.9242e-05,0.08873
"Citrate cycle (TCA cycle)",20,4,1.961e-05,4.7075,0.00068636,5.8831e-05,0.22801
"Sphingolipid metabolism",32,2,2.2548e-05,4.6469,0.00076663,6.3885e-05,0.01563
"Caffeine metabolism",12,1,3.4764e-05,4.4589,0.0011472,9.3314e-05,0
"Glyoxylate and dicarboxylate metabolism",32,7,3.6693e-05,4.4354,0.0011742,9.3568e-05,0.51667
"Arginine and proline metabolism",36,4,4.1384e-05,4.3832,0.0012829,0.0001005,0.03837
"Selenocompound metabolism",20,1,4.4088e-05,4.3557,0.0013226,0.0001022,0
"Phenylalanine metabolism",10,4,6.3508e-05,4.1972,0.0018417,0.00014082,0.40476
"Metabolism of xenobiotics by cytochrome P450",64,1,7.6601e-05,4.1158,0.0021448,0.00016278,0
"Tryptophan metabolism",41,5,8.628e-05,4.0641,0.0023296,0.00017601,0.0139
"Pentose and glucuronate interconversions",19,1,0.00010531,3.9775,0.002738,0.00020657,0
"Valine, leucine and isoleucine biosynthesis",8,2,0.00012612,3.8992,0.0031531,0.00021901,0
"Glycosylphosphatidylinositol (GPI)-anchor biosynthesis",32,1,0.00013312,3.8757,0.003195,0.00021901,0.03947
"Fatty acid biosynthesis",47,1,0.00013312,3.8757,0.003195,0.00021901,0.01473
"Fatty acid elongation",39,1,0.00013312,3.8757,0.003195,0.00021901,0
"Fatty acid degradation",39,1,0.00013312,3.8757,0.003195,0.00021901,0
"Biosynthesis of unsaturated fatty acids",36,4,0.00015551,3.8082,0.003195,0.00024785,0
"Linoleic acid metabolism",5,1,0.00038131,3.4187,0.0072449,0.0005893,1
"Pyrimidine metabolism",39,6,0.00042863,3.3679,0.0077153,0.00064294,0.17468
"Lysine degradation",30,2,0.00050155,3.2997,0.0085263,0.00071605,0.1227
"Steroid hormone biosynthesis",79,4,0.00050544,3.2963,0.0085263,0.00071605,0.0492
"beta-Alanine metabolism",21,4,0.00071307,3.1469,0.010696,0.00098288,0.39925
"Pentose phosphate pathway",23,2,0.00088117,3.0549,0.012336,0.0011539,0.04419
"Arachidonic acid metabolism",43,1,0.00088243,3.0543,0.012336,0.0011539,0.11561
"Propanoate metabolism",22,5,0.0010466,2.9802,0.01256,0.0013345,0.04103
"Glycerolipid metabolism",16,1,0.0010906,2.9624,0.01256,0.0013566,0.09346
"Pantothenate and CoA biosynthesis",20,4,0.0016033,2.795,0.016033,0.0019469,0.05442
"Starch and sucrose metabolism",15,2,0.0031539,2.5012,0.028385,0.0036557,0.06081
"Galactose metabolism",27,2,0.0031539,2.5012,0.028385,0.0036557,0.03888
"Drug metabolism - cytochrome P450",27,1,0.0032398,2.4895,0.028385,0.0036718,0
"Vitamin B6 metabolism",9,1,0.0048769,2.3119,0.029262,0.0054071,0
"Fructose and mannose metabolism",18,1,0.0054068,2.2671,0.029262,0.005867,0.09765
"Amino sugar and nucleotide sugar metabolism",42,3,0.0061126,2.2138,0.029262,0.0064946,0.00273
"Phenylalanine, tyrosine and tryptophan biosynthesis",4,2,0.006647,2.1774,0.029262,0.0069183,0.5
"Pyruvate metabolism",23,2,0.0095226,2.0212,0.029262,0.0095226,0.27088
"Glycolysis or Gluconeogenesis",26,2,0.0095226,2.0212,0.029262,0.0095226,0.12616
