"Pathway","TotalCmpd","Hits","RawP","-log10(p)","HolmAdjust","FDR","Impact","BKY","minuslog10BKY","FoldEnrichment"
"Purine metabolism",71,5,0.00031197,3.5059,0.010919,0.0038095,0.07155,0.0157969305592899,1.80142729093568,0.07155
"Steroid hormone biosynthesis",79,2,0.00047916,3.3195,0.016292,0.0038095,0.0492,0.0157969305592899,1.80142729093568,0.0492
"Primary bile acid biosynthesis",46,8,0.00057169,3.2428,0.018866,0.0038095,0.13804,0.0157969305592899,1.80142729093568,0.13804
"Tryptophan metabolism",41,4,0.0007583,3.1202,0.024266,0.0038095,0.04081,0.0157969305592899,1.80142729093568,0.04081
"Citrate cycle (TCA cycle)",20,2,0.00084952,3.0708,0.026335,0.0038095,0.14894,0.0157969305592899,1.80142729093568,0.14894
"Glycine, serine and threonine metabolism",34,1,0.00087073,3.0601,0.026335,0.0038095,0.28464,0.0157969305592899,1.80142729093568,0.28464
"Glutathione metabolism",28,1,0.00087073,3.0601,0.026335,0.0038095,0.08873,0.0157969305592899,1.80142729093568,0.08873
"Porphyrin metabolism",31,1,0.00087073,3.0601,0.026335,0.0038095,0,0.0157969305592899,1.80142729093568,0
"Amino sugar and nucleotide sugar metabolism",42,2,0.0012615,2.8991,0.034061,0.0040974,0.00273,0.0169916253544861,1.76976507617967,0.00273
"Arginine biosynthesis",14,3,0.0012688,2.8966,0.034061,0.0040974,0.23936,0.0169916253544861,1.76976507617967,0.23936
"Alanine, aspartate and glutamate metabolism",28,3,0.0012878,2.8902,0.034061,0.0040974,0.13462,0.0169916253544861,1.76976507617967,0.13462
"Taurine and hypotaurine metabolism",8,1,0.0014351,2.8431,0.034441,0.0041856,0,0.0173572175420907,1.7605198933858,0
"Ubiquinone and other terpenoid-quinone biosynthesis",19,1,0.0016377,2.7858,0.037666,0.0044091,0,0.0182839567344105,1.73792981505876,0
"Caffeine metabolism",12,1,0.0019499,2.71,0.042898,0.0045697,0,0.0189494952157136,1.72240235445317,0
"Lipoic acid metabolism",28,2,0.0019872,2.7018,0.042898,0.0045697,0.0017,0.0189494952157136,1.72240235445317,0.0017
"Phenylalanine metabolism",10,3,0.002089,2.6801,0.042898,0.0045697,0.2619,0.0189494952157136,1.72240235445317,0.2619
"Arachidonic acid metabolism",43,1,0.0023191,2.6347,0.044062,0.0045759,0.11561,0.0189755626475943,1.72180533790296,0.11561
"Tyrosine metabolism",42,4,0.0024053,2.6188,0.044062,0.0045759,0.25808,0.0189755626475943,1.72180533790296,0.25808
"Sphingolipid metabolism",32,1,0.0024841,2.6048,0.044062,0.0045759,0.01563,0.0189755626475943,1.72180533790296,0.01563
"Vitamin B6 metabolism",9,1,0.0026333,2.5795,0.044062,0.0046082,0,0.0191095091437199,1.71875046830405,0
"Butanoate metabolism",15,2,0.0033832,2.4707,0.050749,0.0056387,0,0.0233823181613631,1.63111243437262,0
"One carbon pool by folate",26,2,0.0037841,2.422,0.052978,0.005976,0.03783,0.0247812559074669,1.60587668747322,0.03783
"Pyrimidine metabolism",39,3,0.0039271,2.4059,0.052978,0.005976,0.12693,0.0247812559074669,1.60587668747322,0.12693
"Galactose metabolism",27,1,0.0053032,2.2755,0.063638,0.0077338,0.11032,0.0320705163644399,1.49389404747968,0.11032
"Selenocompound metabolism",20,1,0.0056174,2.2505,0.063638,0.0078643,0,0.0326117819204594,1.48662547052615,0
"Biosynthesis of unsaturated fatty acids",36,1,0.0062996,2.2007,0.063638,0.0084803,0,0.0351656633828212,1.45388118542301,0
"Pantothenate and CoA biosynthesis",20,2,0.0089873,2.0464,0.080886,0.01165,0.0068,0.0483108482462799,1.31595533706441,0.0068
"Glyoxylate and dicarboxylate metabolism",32,3,0.011537,1.9379,0.092294,0.014421,0.16333,0.0598017715389969,1.2232859504896,0.16333
"beta-Alanine metabolism",21,1,0.013686,1.8637,0.0958,0.016517,0,0.0684948195697678,1.16434227401621,0
"Phenylalanine, tyrosine and tryptophan biosynthesis",4,2,0.016189,1.7908,0.097135,0.018887,0.5,0.078320951791208,1.10612204343222,0.5
"Pentose phosphate pathway",23,1,0.03134,1.5039,0.1567,0.035384,0,0.146729178661922,0.83348351347925,0
"Propanoate metabolism",22,1,0.035583,1.4488,0.1567,0.038919,0,0.161388197285959,0.792128229471495,0
"Pyruvate metabolism",23,1,0.044526,1.3514,0.1567,0.045836,0.07951,0.190070165623825,0.72108604684724,0.07951
"Glycolysis or Gluconeogenesis",26,1,0.044526,1.3514,0.1567,0.045836,0.02831,0.190070165623825,0.72108604684724,0.02831
"Arginine and proline metabolism",36,1,0.088801,1.0516,0.1567,0.088801,0.01744,0.368238336790116,0.433870999673136,0.01744
